map,N,seed,pure,swap,cnt,cnt_fires,cnt_time
four_rooms,15,0,1,1,1,0,.009046637
four_rooms,15,1,1,1,1,0,.004807325
four_rooms,15,2,1,1,1,0,.007966700
four_rooms,15,3,1,1,1,0,.006501042
four_rooms,15,4,1,1,1,0,.004509320
four_rooms,15,5,1,1,1,0,.004208596
four_rooms,15,6,1,1,1,0,.005072195
four_rooms,15,7,1,1,1,0,.004273385
four_rooms,15,8,1,1,1,0,.003887457
four_rooms,15,9,1,1,1,0,.004213257
four_rooms,15,10,1,1,1,0,.007551503
four_rooms,15,11,1,1,1,0,.004002547
four_rooms,15,12,1,1,1,0,.004030748
four_rooms,15,13,1,1,1,0,.006143874
four_rooms,15,14,1,1,1,0,.004150765
four_rooms,15,15,1,1,1,0,.005823783
four_rooms,15,16,1,1,1,0,.004406595
four_rooms,15,17,1,1,1,0,.004064227
four_rooms,15,18,1,1,1,0,.004904776
four_rooms,15,19,1,1,1,0,.005954753
four_rooms,15,20,1,1,1,0,.004758803
four_rooms,15,21,1,1,1,0,.004266361
four_rooms,15,22,1,1,1,0,.003895044
four_rooms,15,23,1,1,1,0,.004351446
four_rooms,15,24,1,1,1,0,.004668649
four_rooms,15,25,1,1,1,0,.003970019
four_rooms,15,26,1,1,1,0,.003951417
four_rooms,15,27,1,1,1,0,.003795633
four_rooms,15,28,1,1,1,0,.003876469
four_rooms,15,29,1,1,1,0,.004195718
four_rooms,20,0,1,1,1,0,.007442017
four_rooms,20,1,1,1,1,0,.005778689
four_rooms,20,2,1,1,1,0,.004786386
four_rooms,20,3,1,1,1,0,.004148581
four_rooms,20,4,1,1,1,0,.003975287
four_rooms,20,5,1,1,1,0,.003984891
four_rooms,20,6,1,1,1,0,.004048845
four_rooms,20,7,1,1,1,2,.006654252
four_rooms,20,8,1,1,1,0,.004221184
four_rooms,20,9,1,0,1,2,.004357132
four_rooms,20,10,0,1,1,0,.004658789
four_rooms,20,11,0,1,1,1,.004297467
four_rooms,20,12,1,1,1,0,.003951369
four_rooms,20,13,1,1,1,0,.004371681
four_rooms,20,14,1,1,1,0,.004174434
four_rooms,20,15,1,1,1,0,.004265947
four_rooms,20,16,1,1,1,0,.005479495
four_rooms,20,17,1,1,1,0,.005767194
four_rooms,20,18,1,1,1,0,.006468521
four_rooms,20,19,1,1,1,0,.006333471
four_rooms,20,20,1,1,1,0,.007253217
four_rooms,20,21,1,1,1,0,.006892938
four_rooms,20,22,1,1,1,1,.004068441
four_rooms,20,23,1,1,1,0,.004238773
four_rooms,20,24,1,0,1,1,.031679754
four_rooms,20,25,1,1,1,1,.005997336
four_rooms,20,26,1,1,1,0,.005238415
four_rooms,20,27,1,1,1,1,.005354623
four_rooms,20,28,1,1,1,0,.004794883
four_rooms,20,29,1,1,1,0,.004987480
four_rooms,25,0,1,1,1,0,.006623599
four_rooms,25,1,0,1,1,2,.005669971
four_rooms,25,2,0,1,1,1,.006749134
four_rooms,25,3,0,0,0,3,.005380849
four_rooms,25,4,1,1,1,1,.004548067
four_rooms,25,5,1,1,1,1,.007191336
four_rooms,25,6,1,1,1,5,.005208721
four_rooms,25,7,1,1,1,0,.005017008
four_rooms,25,8,1,1,1,2,.005790853
four_rooms,25,9,0,1,1,2,.004351791
four_rooms,25,10,1,1,1,0,.006974697
four_rooms,25,11,0,1,1,2,.007624094
four_rooms,25,12,0,0,0,2,.006902092
four_rooms,25,13,1,1,1,0,.004836482
four_rooms,25,14,1,1,1,2,.006128586
four_rooms,25,15,1,0,0,1,.005087136
four_rooms,25,16,0,1,1,0,.004437963
four_rooms,25,17,1,1,1,0,.004391411
four_rooms,25,18,0,1,1,1,.004921155
four_rooms,25,19,1,1,1,0,.007880752
four_rooms,25,20,0,0,0,1,.005439679
four_rooms,25,21,1,1,1,0,.004526644
four_rooms,25,22,0,1,1,0,.004065917
four_rooms,25,23,1,1,1,0,.006359551
four_rooms,25,24,0,1,1,1,.005543298
four_rooms,25,25,0,0,0,1,.004044922
four_rooms,25,26,0,0,0,2,.003982978
four_rooms,25,27,0,1,1,1,.004549221
four_rooms,25,28,0,1,0,2,.003932559
four_rooms,25,29,1,1,1,0,.004874086
four_rooms,30,0,0,0,1,3,.035052209
four_rooms,30,1,0,0,0,299710,7.309968924
four_rooms,30,2,1,0,1,2,.013241282
four_rooms,30,3,0,0,0,3,8.046010784
four_rooms,30,4,1,1,1,6,.007432202
four_rooms,30,5,0,0,1,3,.022228404
four_rooms,30,6,1,1,1,8,.005109367
four_rooms,30,7,0,1,0,2,.008103889
four_rooms,30,8,0,0,0,4,.004791731
four_rooms,30,9,0,1,1,4,.005549239
four_rooms,30,10,0,0,1,3,.021486910
four_rooms,30,11,0,0,0,2,.022971785
four_rooms,30,12,0,0,0,1,.005186984
four_rooms,30,13,0,0,1,5,.008128267
four_rooms,30,14,0,0,0,3,.022564463
four_rooms,30,15,0,1,0,4,7.495396328
four_rooms,30,16,0,0,1,5,.006068629
four_rooms,30,17,0,0,1,4,.006024016
four_rooms,30,18,0,1,1,5,.007128288
four_rooms,30,19,0,0,1,6,.007180422
four_rooms,30,20,0,0,0,4,.005044434
four_rooms,30,21,1,1,0,2,.005897617
four_rooms,30,22,1,1,1,5,.006278005
four_rooms,30,23,0,1,1,3,.010103643
four_rooms,30,24,0,0,0,1,.005001417
four_rooms,30,25,0,0,0,2,.005474229
four_rooms,30,26,0,1,0,3,8.046542092
four_rooms,30,27,0,1,0,1376,8.057867511
four_rooms,30,28,0,1,1,3,.007778290
four_rooms,30,29,0,0,0,3,.005422822
four_rooms,35,0,0,0,0,2,.006017784
four_rooms,35,1,0,0,0,5,.086385132
four_rooms,35,2,0,0,1,16,.158008428
four_rooms,35,3,0,0,1,17,.064488711
four_rooms,35,4,0,1,0,43,8.076422122
four_rooms,35,5,0,0,1,43,.045118819
four_rooms,35,6,0,0,0,3,.055422185
four_rooms,35,7,0,0,0,5,.006719591
four_rooms,35,8,0,0,0,12,.009592700
four_rooms,35,9,0,0,0,2,.005294004
four_rooms,35,10,0,0,0,2,7.944936213
four_rooms,35,11,0,0,0,2,.007060801
four_rooms,35,12,0,0,0,7,.006187273
four_rooms,35,13,0,1,0,3,5.721933670
four_rooms,35,14,0,0,0,2,.009784864
four_rooms,35,15,0,1,0,220376,7.244247421
four_rooms,35,16,0,0,0,3,.007275177
four_rooms,35,17,0,0,0,6,.035708499
four_rooms,35,18,0,0,0,15,8.034709274
four_rooms,35,19,0,0,0,9,.009181170
four_rooms,35,20,0,0,0,4,.007321956
four_rooms,35,21,1,1,0,3,.005261800
four_rooms,35,22,0,1,1,3158,3.440528473
four_rooms,35,23,0,0,0,8,.005996258
four_rooms,35,24,0,0,0,2,.005714638
four_rooms,35,25,0,0,0,2,.004782202
four_rooms,35,26,0,0,1,19,.009472975
four_rooms,35,27,0,0,0,5,.081888811
four_rooms,35,28,0,0,0,7,7.606984620
four_rooms,35,29,0,1,0,4,8.033505476
four_rooms,40,0,0,0,0,3,.004355768
four_rooms,40,1,0,0,0,4,6.928820069
four_rooms,40,2,0,0,0,6,7.426798298
four_rooms,40,3,0,0,0,2,.004605508
four_rooms,40,4,0,0,0,22,.006435735
four_rooms,40,5,0,0,0,3,.008601569
four_rooms,40,6,0,0,0,68,.058203436
four_rooms,40,7,0,0,0,24,.008848530
four_rooms,40,8,0,0,0,11,8.037812385
four_rooms,40,9,0,0,0,2,.006359410
four_rooms,40,10,0,0,0,2,.061020965
four_rooms,40,11,0,0,0,22,.091229422
four_rooms,40,12,0,0,0,2,.005344545
four_rooms,40,13,0,0,0,2,7.982956859
four_rooms,40,14,0,0,0,15,8.034218869
four_rooms,40,15,0,0,0,10,6.910032987
four_rooms,40,16,0,0,0,5,.006866378
four_rooms,40,17,0,0,0,11,.108713170
four_rooms,40,18,0,0,0,10,.091814040
four_rooms,40,19,0,0,0,2,.005406093
four_rooms,40,20,0,0,0,6,.005703801
four_rooms,40,21,0,0,0,195141,7.359650552
four_rooms,40,22,0,0,0,17,.310029255
four_rooms,40,23,0,0,0,8,.454492520
four_rooms,40,24,0,0,0,3,.006367655
four_rooms,40,25,0,0,0,3,.004779593
four_rooms,40,26,0,0,0,3,.004248144
four_rooms,40,27,0,0,0,23,7.422569849
four_rooms,40,28,0,0,0,9,7.811130643
four_rooms,40,29,0,0,0,22,8.035298372
roomfull,15,0,0,1,1,1,.005708082
roomfull,15,1,0,0,0,1,.006206148
roomfull,15,2,1,1,1,0,.004970346
roomfull,15,3,1,1,1,0,.004824309
roomfull,15,4,0,0,1,1,.005228371
roomfull,15,5,1,1,1,0,.004752100
roomfull,15,6,1,1,1,0,.006363928
roomfull,15,7,1,1,1,0,.005163678
roomfull,15,8,1,1,1,0,.005017972
roomfull,15,9,1,1,1,0,.006156174
roomfull,15,10,1,1,1,0,.005648488
roomfull,15,11,1,1,1,0,.005111313
roomfull,15,12,1,1,1,0,.005372708
roomfull,15,13,1,1,1,0,.004410544
roomfull,15,14,1,1,1,0,.005990131
roomfull,15,15,1,1,1,0,.005145163
roomfull,15,16,1,1,1,0,.004883643
roomfull,15,17,1,1,1,0,.004857268
roomfull,15,18,1,1,1,0,.004855319
roomfull,15,19,1,1,1,0,.004216183
roomfull,15,20,1,1,1,0,.007401330
roomfull,15,21,1,1,1,0,.004569927
roomfull,15,22,1,1,1,0,.004552279
roomfull,15,23,1,1,1,0,.005216707
roomfull,15,24,1,1,1,0,.005377393
roomfull,15,25,1,1,1,0,.004492646
roomfull,15,26,1,1,1,0,.007754814
roomfull,15,27,1,1,1,0,.004596670
roomfull,15,28,1,1,1,0,.004426052
roomfull,15,29,1,1,1,0,.004998536
roomfull,20,0,0,0,0,1,.004639500
roomfull,20,1,0,0,0,1,.006376104
roomfull,20,2,1,1,1,1,.004944357
roomfull,20,3,1,1,1,0,.006182835
roomfull,20,4,1,1,1,0,.005613645
roomfull,20,5,1,1,1,0,.005718588
roomfull,20,6,1,1,1,0,.007092636
roomfull,20,7,0,1,1,1,.006317351
roomfull,20,8,1,1,1,0,.007302198
roomfull,20,9,1,1,1,0,.005631002
roomfull,20,10,1,1,1,0,.005819611
roomfull,20,11,1,1,1,0,.006752515
roomfull,20,12,1,1,1,0,.009093693
roomfull,20,13,1,1,1,0,.005389711
roomfull,20,14,1,1,1,0,.005160220
roomfull,20,15,0,1,1,1,.007482395
roomfull,20,16,0,1,1,1,.006716938
roomfull,20,17,1,1,1,0,.007497440
roomfull,20,18,1,1,1,0,.005568898
roomfull,20,19,1,1,1,0,.008203526
roomfull,20,20,0,0,0,96644,8.157384452
roomfull,20,21,1,1,1,0,.004930122
roomfull,20,22,1,1,1,0,.005605569
roomfull,20,23,1,1,1,0,.005482636
roomfull,20,24,1,1,1,0,.004800990
roomfull,20,25,1,1,1,1,.005039084
roomfull,20,26,1,1,1,0,.005958192
roomfull,20,27,1,1,1,0,.004742499
roomfull,20,28,1,1,1,0,.005771719
roomfull,20,29,1,1,1,21,.004951883
roomfull,25,0,0,0,1,6,.007104217
roomfull,25,1,0,1,0,68017,7.609471316
roomfull,25,2,0,1,1,2,.006385931
roomfull,25,3,0,0,0,1,.007182027
roomfull,25,4,1,0,0,2,.005904989
roomfull,25,5,0,0,0,2,.097913880
roomfull,25,6,0,1,1,0,.008513464
roomfull,25,7,0,0,0,4,.006257025
roomfull,25,8,0,0,0,951,.115716894
roomfull,25,9,0,1,1,0,.006674698
roomfull,25,10,1,1,1,0,.006572716
roomfull,25,11,1,1,1,0,.005863200
roomfull,25,12,1,1,1,1,.006968194
roomfull,25,13,0,1,1,2,.006158426
roomfull,25,14,1,1,1,0,.007168274
roomfull,25,15,1,1,1,1,.006427439
roomfull,25,16,0,1,1,2,.006848346
roomfull,25,17,0,0,0,1,.007124206
roomfull,25,18,1,0,1,1,.006504930
roomfull,25,19,1,1,1,1,.007269792
roomfull,25,20,0,0,0,5,.007127841
roomfull,25,21,1,1,1,4,.008454806
roomfull,25,22,0,0,0,1,.006516010
roomfull,25,23,1,1,1,0,.007337804
roomfull,25,24,0,0,0,31526,8.246422939
roomfull,25,25,0,1,1,0,.006065213
roomfull,25,26,1,1,1,0,.006417193
roomfull,25,27,0,0,0,1,.004554131
roomfull,25,28,1,1,1,0,.006180395
roomfull,25,29,0,0,0,64602,8.019424016
roomfull,30,0,0,0,0,1,.006102519
roomfull,30,1,0,0,0,30486,7.328149962
roomfull,30,2,0,0,0,4,.006381613
roomfull,30,3,0,1,1,1,.006403927
roomfull,30,4,1,0,0,1,.006851783
roomfull,30,5,0,0,0,0,.005451795
roomfull,30,6,0,0,0,2,.005517564
roomfull,30,7,0,0,0,40065,7.455764075
roomfull,30,8,0,0,0,29264,7.383808224
roomfull,30,9,0,0,0,9,.474824224
roomfull,30,10,0,0,0,3,.004139841
roomfull,30,11,0,1,1,7,.004429863
roomfull,30,12,0,0,0,1,.003830674
roomfull,30,13,0,0,0,2,.004158090
roomfull,30,14,0,1,1,8,.004949905
roomfull,30,15,0,0,0,2,.004031469
roomfull,30,16,0,0,0,61592,8.162968003
roomfull,30,17,0,0,0,27946,7.219124793
roomfull,30,18,0,0,0,3,.009942570
roomfull,30,19,0,0,0,23013,7.245833120
roomfull,30,20,0,0,0,4,.103948505
roomfull,30,21,0,1,1,3,.007783626
roomfull,30,22,0,0,0,3,.008691376
roomfull,30,23,0,0,0,0,.005903479
roomfull,30,24,0,0,0,2,.012646033
roomfull,30,25,0,0,1,6,.006581631
roomfull,30,26,0,0,0,4,.005521028
roomfull,30,27,0,0,0,22304,7.223875838
roomfull,30,28,0,0,0,28262,6.704088169
roomfull,30,29,0,0,0,29882,8.197399046
roomfull,35,0,0,0,0,2,.006873571
roomfull,35,1,0,0,0,9621,7.331095419
roomfull,35,2,0,0,0,12805,6.506422131
roomfull,35,3,0,0,0,1,.004667413
roomfull,35,4,0,0,0,9987,6.632360062
roomfull,35,5,0,0,0,3,.006650848
roomfull,35,6,0,0,0,17203,6.609622657
roomfull,35,7,0,0,0,6921,6.970559437
roomfull,35,8,0,0,0,11722,7.099401586
roomfull,35,9,0,0,0,1,.006152448
roomfull,35,10,0,0,0,1,.005635645
roomfull,35,11,0,0,0,1,.005328808
roomfull,35,12,0,0,0,2,.005361896
roomfull,35,13,0,0,0,7543,6.361510469
roomfull,35,14,0,0,0,1,.005522012
roomfull,35,15,0,0,0,1,.005269474
roomfull,35,16,0,0,0,2,.026306195
roomfull,35,17,0,0,0,10813,7.079460365
roomfull,35,18,0,0,0,9790,6.424561722
roomfull,35,19,0,0,0,5474,6.469520599
roomfull,35,20,0,0,0,5183,7.226535202
roomfull,35,21,0,0,0,3,.055965183
roomfull,35,22,0,0,0,2,.023012235
roomfull,35,23,0,0,0,1,.004319002
roomfull,35,24,0,0,0,3844,7.087691000
roomfull,35,25,0,0,0,2,.005880202
roomfull,35,26,0,0,0,8177,6.455889552
roomfull,35,27,0,0,0,8906,6.993884276
roomfull,35,28,0,0,0,6207,7.075686472
roomfull,35,29,0,0,0,2,.716917856
roomfull,40,0,0,0,0,0,.004201953
roomfull,40,1,0,0,0,0,.004271889
roomfull,40,2,0,0,0,0,.004982113
roomfull,40,3,0,0,0,0,.005195651
roomfull,40,4,0,0,0,0,.003944369
roomfull,40,5,0,0,0,0,.003845252
roomfull,40,6,0,0,0,0,.003871072
roomfull,40,7,0,0,0,0,.004483841
roomfull,40,8,0,0,0,0,.004194284
roomfull,40,9,0,0,0,0,.003559450
roomfull,40,10,0,0,0,0,.007313431
roomfull,40,11,0,0,0,0,.004611362
roomfull,40,12,0,0,0,0,.004581090
roomfull,40,13,0,0,0,0,.004504127
roomfull,40,14,0,0,0,0,.005474497
roomfull,40,15,0,0,0,0,.004145631
roomfull,40,16,0,0,0,0,.004164012
roomfull,40,17,0,0,0,0,.003595150
roomfull,40,18,0,0,0,0,.003719338
roomfull,40,19,0,0,0,0,.003525937
roomfull,40,20,0,0,0,0,.004254103
roomfull,40,21,0,0,0,0,.005032286
roomfull,40,22,0,0,0,0,.005633885
roomfull,40,23,0,0,0,0,.003456141
roomfull,40,24,0,0,0,0,.003399306
roomfull,40,25,0,0,0,0,.003396941
roomfull,40,26,0,0,0,0,.003612414
roomfull,40,27,0,0,0,0,.003447119
roomfull,40,28,0,0,0,0,.004246294
roomfull,40,29,0,0,0,0,.003632666
flow,15,0,1,1,1,0,.005186945
flow,15,1,1,1,1,0,.004836323
flow,15,2,1,1,1,0,.004433063
flow,15,3,1,1,1,0,.004013134
flow,15,4,1,1,1,0,.004117734
flow,15,5,1,1,1,0,.003870899
flow,15,6,1,1,1,0,.005475417
flow,15,7,1,1,1,0,.006417221
flow,15,8,1,1,1,0,.005719697
flow,15,9,1,1,1,0,.004596640
flow,15,10,1,1,1,0,.004018946
flow,15,11,1,1,1,0,.004052379
flow,15,12,1,1,1,0,.004076448
flow,15,13,1,1,1,0,.004457083
flow,15,14,1,1,1,0,.004360318
flow,15,15,1,1,1,0,.004819349
flow,15,16,1,1,1,0,.004152230
flow,15,17,1,1,1,0,.004213966
flow,15,18,1,1,1,0,.005448116
flow,15,19,1,1,1,0,.004281084
flow,15,20,1,1,1,0,.005120368
flow,15,21,1,1,1,0,.005052651
flow,15,22,1,1,1,0,.004071253
flow,15,23,1,1,1,0,.004482931
flow,15,24,1,1,1,0,.004171123
flow,15,25,1,1,1,0,.005995802
flow,15,26,1,1,1,0,.006416567
flow,15,27,1,1,1,0,.004459392
flow,15,28,1,1,1,0,.004821298
flow,15,29,1,1,1,0,.004854539
flow,20,0,1,1,1,0,.004677139
flow,20,1,1,1,1,0,.004304305
flow,20,2,1,1,1,0,.004262483
flow,20,3,1,1,1,0,.005935934
flow,20,4,1,1,1,0,.005790699
flow,20,5,1,1,1,0,.004655727
flow,20,6,1,1,1,0,.004315010
flow,20,7,1,1,1,0,.005098953
flow,20,8,1,1,1,0,.004507410
flow,20,9,1,1,1,0,.004377900
flow,20,10,1,1,1,0,.004145662
flow,20,11,1,1,1,0,.004375283
flow,20,12,1,1,1,0,.008176093
flow,20,13,1,1,1,0,.005363288
flow,20,14,1,1,1,0,.004341311
flow,20,15,1,1,1,0,.004811841
flow,20,16,1,1,1,0,.004823045
flow,20,17,1,1,1,0,.004052681
flow,20,18,1,1,1,0,.004264951
flow,20,19,1,1,1,0,.005486232
flow,20,20,1,1,1,0,.005958218
flow,20,21,0,1,1,0,.005509558
flow,20,22,1,1,1,0,.006904305
flow,20,23,1,1,1,0,.004982274
flow,20,24,1,1,1,0,.005952225
flow,20,25,1,1,1,0,.004654060
flow,20,26,1,1,1,0,.004338777
flow,20,27,1,1,1,0,.006128736
flow,20,28,1,1,1,0,.004678948
flow,20,29,1,1,1,0,.005294616
flow,25,0,1,1,1,0,.004472887
flow,25,1,1,1,1,0,.005149324
flow,25,2,1,1,1,0,.004367727
flow,25,3,1,1,1,0,.006960664
flow,25,4,1,0,0,1,.004371980
flow,25,5,1,1,1,1,.004820288
flow,25,6,1,1,1,0,.004961314
flow,25,7,1,1,1,0,.005110175
flow,25,8,1,1,1,0,.004532658
flow,25,9,1,1,1,0,.004329097
flow,25,10,1,1,1,0,.006219071
flow,25,11,0,1,1,0,.004919409
flow,25,12,1,1,1,0,.004624165
flow,25,13,0,1,1,0,.005262852
flow,25,14,1,1,1,0,.005274636
flow,25,15,1,1,1,0,.004199165
flow,25,16,1,1,1,0,.004346815
flow,25,17,1,1,1,0,.004429920
flow,25,18,1,1,1,0,.006763812
flow,25,19,1,1,1,0,.004590051
flow,25,20,1,1,1,0,.004550348
flow,25,21,1,1,1,1,.005240061
flow,25,22,1,1,1,0,.005965363
flow,25,23,1,1,1,0,.004696829
flow,25,24,1,1,1,0,.004624311
flow,25,25,1,1,1,0,.005311873
flow,25,26,1,1,1,0,.007097888
flow,25,27,1,1,1,0,.004553505
flow,25,28,1,1,1,0,.004438414
flow,25,29,1,1,1,0,.004950674
flow,30,0,1,0,1,3,.005243617
flow,30,1,1,1,1,0,.004897048
flow,30,2,1,1,1,0,.004512143
flow,30,3,1,1,1,0,.005406767
flow,30,4,1,1,1,1,.007720631
flow,30,5,1,1,1,0,.004963403
flow,30,6,1,1,1,0,.004757063
flow,30,7,0,1,1,0,.004771938
flow,30,8,1,1,1,0,.005777123
flow,30,9,1,1,1,0,.004840068
flow,30,10,1,1,1,0,.006488030
flow,30,11,0,0,0,77870,8.303087149
flow,30,12,1,1,1,0,.004765979
flow,30,13,1,1,1,0,.005008767
flow,30,14,1,1,1,0,.004622321
flow,30,15,1,1,1,0,.004543286
flow,30,16,1,1,1,0,.006578044
flow,30,17,1,1,1,0,.005421321
flow,30,18,1,1,1,0,.005964319
flow,30,19,1,1,1,0,.007837571
flow,30,20,1,1,1,0,.005313245
flow,30,21,0,0,1,1,.007724206
flow,30,22,1,1,1,0,.005551994
flow,30,23,1,1,1,0,.005482156
flow,30,24,1,1,1,0,.005683683
flow,30,25,1,1,1,0,.007299148
flow,30,26,0,1,1,0,.006179413
flow,30,27,1,0,0,1,.005045470
flow,30,28,0,1,1,1,.007391606
flow,30,29,1,0,1,1,.006473785
flow,35,0,0,0,0,21,-.578273621
flow,35,1,1,1,1,0,.004977305
flow,35,2,1,1,1,0,.007263002
flow,35,3,1,1,1,0,.005055511
flow,35,4,0,0,0,146486,8.287774942
flow,35,5,1,1,1,2,.005834782
flow,35,6,0,1,1,1,.005063501
flow,35,7,0,0,0,1,.004950825
flow,35,8,1,1,1,0,.005574206
flow,35,9,1,1,1,4,.005138084
flow,35,10,1,1,1,1,.006293384
flow,35,11,0,0,1,2,.007064545
flow,35,12,0,1,1,0,.005238545
flow,35,13,0,1,1,0,.005681778
flow,35,14,0,1,1,2,.005142425
flow,35,15,1,1,1,0,.004690025
flow,35,16,1,1,1,0,.006408128
flow,35,17,1,1,1,0,.006700857
flow,35,18,1,1,1,0,.005667989
flow,35,19,1,1,1,0,.006385885
flow,35,20,1,1,1,0,.005784763
flow,35,21,0,0,0,9815,1.484215712
flow,35,22,1,1,1,0,.007159469
flow,35,23,1,1,1,0,.008846750
flow,35,24,1,1,1,1,.007921255
flow,35,25,1,1,1,0,.006744125
flow,35,26,1,1,1,1,.006829788
flow,35,27,1,1,1,2,.007168031
flow,35,28,0,1,1,2,.010601310
flow,35,29,0,1,1,1,.008296986
flow,40,0,0,0,0,1,.010053698
flow,40,1,0,1,1,3,.006414697
flow,40,2,1,0,1,235,.016260843
flow,40,3,1,1,1,0,.009078394
flow,40,4,0,0,0,127178,8.270095713
flow,40,5,0,1,1,1,.007477270
flow,40,6,0,1,1,0,.006175559
flow,40,7,0,0,0,46058,7.597433862
flow,40,8,1,1,1,1,.008201472
flow,40,9,0,0,0,2,.004886369
flow,40,10,1,1,1,0,.005564948
flow,40,11,0,0,0,16829,7.325463485
flow,40,12,0,0,0,2,.007841820
flow,40,13,0,0,0,21205,7.321298995
flow,40,14,0,1,1,3,.006626783
flow,40,15,1,0,1,1,.005925406
flow,40,16,1,0,0,1,.006338010
flow,40,17,1,1,1,0,.005990582
flow,40,18,1,1,1,3,.008494291
flow,40,19,1,1,1,0,.005502538
flow,40,20,0,1,1,11,.006980908
flow,40,21,0,0,0,3,.024628362
flow,40,22,1,1,1,1,.006498940
flow,40,23,1,1,1,0,.006766667
flow,40,24,0,0,0,8078,7.328256224
flow,40,25,0,0,0,1,.005421923
flow,40,26,0,0,0,1,.005721617
flow,40,27,0,0,0,168074,7.668136873
flow,40,28,0,0,1,4,.062506029
flow,40,29,0,0,1,7,.006283512
deadlock5,15,0,0,1,1,0,.005373799
deadlock5,15,1,0,0,0,0,.004285883
deadlock5,15,2,0,0,0,2,.004894233
deadlock5,15,3,0,0,0,0,.004125900
deadlock5,15,4,0,0,0,0,.004012512
deadlock5,15,5,0,0,0,0,.006970777
deadlock5,15,6,0,0,0,1,.005386637
deadlock5,15,7,0,0,0,1,.004451645
deadlock5,15,8,0,1,1,1,.005176958
deadlock5,15,9,0,0,0,1,.004692443
deadlock5,15,10,0,0,0,1,.004449191
deadlock5,15,11,0,0,0,0,.004286431
deadlock5,15,12,0,0,0,0,.003980405
deadlock5,15,13,0,1,1,1,.006646294
deadlock5,15,14,0,0,0,1,.006524918
deadlock5,15,15,0,0,0,0,.004567608
deadlock5,15,16,0,0,0,109449,7.651454029
deadlock5,15,17,0,0,0,1,.004316658
deadlock5,15,18,0,0,0,1,.006866510
deadlock5,15,19,0,0,0,0,.004471807
deadlock5,15,20,0,0,0,0,.004431924
deadlock5,15,21,1,1,1,0,.004639898
deadlock5,15,22,0,0,0,0,.006481935
deadlock5,15,23,0,0,0,0,.004482737
deadlock5,15,24,0,0,0,0,.005358291
deadlock5,15,25,0,0,0,1,.004459568
deadlock5,15,26,0,0,0,0,.004374403
deadlock5,15,27,0,0,0,1,.005940063
deadlock5,15,28,0,0,0,1,.004529926
deadlock5,15,29,0,0,0,0,.004874193
deadlock5,20,0,0,0,0,0,.004381572
deadlock5,20,1,0,0,0,0,.004191513
deadlock5,20,2,0,0,0,2,.005517472
deadlock5,20,3,0,0,0,3,.006491656
deadlock5,20,4,0,0,0,1,.005054460
deadlock5,20,5,0,0,0,2,.005772344
deadlock5,20,6,0,0,0,1,.005129407
deadlock5,20,7,0,0,0,1,.004544587
deadlock5,20,8,0,0,0,0,.005106734
deadlock5,20,9,0,0,0,1,.004636967
deadlock5,20,10,0,0,0,1,.007091448
deadlock5,20,11,0,0,0,11,.005926967
deadlock5,20,12,0,0,0,0,.006054695
deadlock5,20,13,0,0,0,4,.004761110
deadlock5,20,14,0,0,0,1,.005465493
deadlock5,20,15,0,0,0,23,.006033056
deadlock5,20,16,0,0,0,1,.004497989
deadlock5,20,17,0,0,0,1,.004566585
deadlock5,20,18,0,0,0,1,.004737068
deadlock5,20,19,0,0,0,0,.005948325
deadlock5,20,20,0,0,0,3,.004782406
deadlock5,20,21,0,0,0,0,.004674878
deadlock5,20,22,0,0,0,1,.004682355
deadlock5,20,23,0,0,0,0,.004191747
deadlock5,20,24,0,0,0,0,.004722625
deadlock5,20,25,0,0,0,0,.005836194
deadlock5,20,26,0,0,0,1,.006873810
deadlock5,20,27,0,0,0,0,.004509527
deadlock5,20,28,0,0,0,2,.004484979
deadlock5,20,29,0,0,0,0,.004234367
deadlock5,25,0,0,0,0,1,7.830368926
deadlock5,25,1,0,0,0,1,.004712354
deadlock5,25,2,0,0,0,5,.008116254
deadlock5,25,3,0,0,0,1,.005037356
deadlock5,25,4,0,0,0,1,.004885580
deadlock5,25,5,0,0,0,2,7.519549189
deadlock5,25,6,0,0,0,1,.005758152
deadlock5,25,7,0,0,0,2,7.554580877
deadlock5,25,8,0,0,0,318,.223744970
deadlock5,25,9,0,0,0,15,.007726156
deadlock5,25,10,0,0,0,1,.005360661
deadlock5,25,11,0,0,0,3,7.539975276
deadlock5,25,12,0,0,0,3,.007298068
deadlock5,25,13,0,0,0,3,7.930896681
deadlock5,25,14,0,0,0,5,2.903413002
deadlock5,25,15,0,0,0,1,.005433717
deadlock5,25,16,0,0,0,1,.005533536
deadlock5,25,17,0,0,0,0,.004234446
deadlock5,25,18,0,0,0,2,.004105139
deadlock5,25,19,0,0,0,15500,7.501881553
deadlock5,25,20,0,0,0,0,.004457787
deadlock5,25,21,0,0,0,1,.006373756
deadlock5,25,22,0,0,0,0,.005218966
deadlock5,25,23,0,0,0,1,.005466713
deadlock5,25,24,0,0,0,2,.005574221
deadlock5,25,25,0,0,0,1,.004402761
deadlock5,25,26,0,0,0,1,.004312172
deadlock5,25,27,0,0,0,1,7.401476001
deadlock5,25,28,0,0,0,1,.004940189
deadlock5,25,29,0,0,0,0,.005715263
deadlock5,30,0,0,0,0,0,.004247110
deadlock5,30,1,0,0,0,0,.004146861
deadlock5,30,2,0,0,0,0,.004362638
deadlock5,30,3,0,0,0,0,.004292512
deadlock5,30,4,0,0,0,0,.004495476
deadlock5,30,5,0,0,0,0,.004149389
deadlock5,30,6,0,0,0,0,.003671604
deadlock5,30,7,0,0,0,0,.004053836
deadlock5,30,8,0,0,0,0,.004266677
deadlock5,30,9,0,0,0,0,.003890709
deadlock5,30,10,0,0,0,0,.004953267
deadlock5,30,11,0,0,0,0,.004705467
deadlock5,30,12,0,0,0,0,.004556867
deadlock5,30,13,0,0,0,0,.004413149
deadlock5,30,14,0,0,0,0,.004488668
deadlock5,30,15,0,0,0,0,.005752738
deadlock5,30,16,0,0,0,0,.004511750
deadlock5,30,17,0,0,0,0,.003866590
deadlock5,30,18,0,0,0,0,.005846792
deadlock5,30,19,0,0,0,0,.004110385
deadlock5,30,20,0,0,0,0,.006569145
deadlock5,30,21,0,0,0,0,.004878001
deadlock5,30,22,0,0,0,0,.003883968
deadlock5,30,23,0,0,0,0,.003750274
deadlock5,30,24,0,0,0,0,.003997766
deadlock5,30,25,0,0,0,0,.004681748
deadlock5,30,26,0,0,0,0,.005733654
deadlock5,30,27,0,0,0,0,.004903048
deadlock5,30,28,0,0,0,0,.003726995
deadlock5,30,29,0,0,0,0,.003661596
deadlock5,35,0,0,0,0,0,.003547747
deadlock5,35,1,0,0,0,0,.003786490
deadlock5,35,2,0,0,0,0,.005183724
deadlock5,35,3,0,0,0,0,.004882101
deadlock5,35,4,0,0,0,0,.003785438
deadlock5,35,5,0,0,0,0,.003891326
deadlock5,35,6,0,0,0,0,.003519037
deadlock5,35,7,0,0,0,0,.005302156
deadlock5,35,8,0,0,0,0,.004345428
deadlock5,35,9,0,0,0,0,.003469840
deadlock5,35,10,0,0,0,0,.003444114
deadlock5,35,11,0,0,0,0,.003426610
deadlock5,35,12,0,0,0,0,.005207498
deadlock5,35,13,0,0,0,0,.004506452
deadlock5,35,14,0,0,0,0,.003312209
deadlock5,35,15,0,0,0,0,.003610432
deadlock5,35,16,0,0,0,0,.004857846
deadlock5,35,17,0,0,0,0,.003199271
deadlock5,35,18,0,0,0,0,.003361136
deadlock5,35,19,0,0,0,0,.003332304
deadlock5,35,20,0,0,0,0,.003627358
deadlock5,35,21,0,0,0,0,.004400741
deadlock5,35,22,0,0,0,0,.003793258
deadlock5,35,23,0,0,0,0,.003942234
deadlock5,35,24,0,0,0,0,.004072040
deadlock5,35,25,0,0,0,0,.005380203
deadlock5,35,26,0,0,0,0,.004425774
deadlock5,35,27,0,0,0,0,.003342819
deadlock5,35,28,0,0,0,0,.003386859
deadlock5,35,29,0,0,0,0,.003623752
deadlock5,40,0,0,0,0,0,.003533894
deadlock5,40,1,0,0,0,0,.004522443
deadlock5,40,2,0,0,0,0,.003384713
deadlock5,40,3,0,0,0,0,.003497279
deadlock5,40,4,0,0,0,0,.003707228
deadlock5,40,5,0,0,0,0,.004303828
deadlock5,40,6,0,0,0,0,.005325551
deadlock5,40,7,0,0,0,0,.003660656
deadlock5,40,8,0,0,0,0,.003599610
deadlock5,40,9,0,0,0,0,.003292624
deadlock5,40,10,0,0,0,0,.003612547
deadlock5,40,11,0,0,0,0,.005096822
deadlock5,40,12,0,0,0,0,.004770874
deadlock5,40,13,0,0,0,0,.005676979
deadlock5,40,14,0,0,0,0,.004688712
deadlock5,40,15,0,0,0,0,.003907845
deadlock5,40,16,0,0,0,0,.004276455
deadlock5,40,17,0,0,0,0,.004776567
deadlock5,40,18,0,0,0,0,.007229349
deadlock5,40,19,0,0,0,0,.005911452
deadlock5,40,20,0,0,0,0,.003801379
deadlock5,40,21,0,0,0,0,.003600084
deadlock5,40,22,0,0,0,0,.003712130
deadlock5,40,23,0,0,0,0,.003867930
deadlock5,40,24,0,0,0,0,.004835888
deadlock5,40,25,0,0,0,0,.005942246
deadlock5,40,26,0,0,0,0,.003397819
deadlock5,40,27,0,0,0,0,.003509888
deadlock5,40,28,0,0,0,0,.003753899
deadlock5,40,29,0,0,0,0,.003612091
room_corridor,15,0,1,1,1,0,.004331489
room_corridor,15,1,1,1,1,0,.004162266
room_corridor,15,2,1,1,1,0,.005882258
room_corridor,15,3,1,1,1,0,.005957979
room_corridor,15,4,1,1,1,0,.004850092
room_corridor,15,5,1,1,1,0,.004696356
room_corridor,15,6,1,1,1,0,.004155552
room_corridor,15,7,1,1,1,0,.005958741
room_corridor,15,8,1,1,1,0,.004521001
room_corridor,15,9,1,1,1,0,.004276362
room_corridor,15,10,1,1,1,0,.004145785
room_corridor,15,11,1,1,1,0,.005385506
room_corridor,15,12,1,1,1,0,.006064019
room_corridor,15,13,1,1,1,0,.004791160
room_corridor,15,14,1,1,1,0,.004380979
room_corridor,15,15,1,1,1,0,.004215556
room_corridor,15,16,1,1,1,0,.005726253
room_corridor,15,17,1,1,1,0,.004500128
room_corridor,15,18,1,1,1,0,.004241851
room_corridor,15,19,1,1,1,0,.004586051
room_corridor,15,20,1,1,1,0,.004239173
room_corridor,15,21,1,1,1,0,.006907442
room_corridor,15,22,1,1,1,0,.006643937
room_corridor,15,23,1,1,1,0,.005607072
room_corridor,15,24,1,1,1,0,.004384658
room_corridor,15,25,1,1,1,0,.004463475
room_corridor,15,26,1,1,1,0,.005311186
room_corridor,15,27,1,1,1,0,.005535719
room_corridor,15,28,1,1,1,0,.004940029
room_corridor,15,29,1,1,1,0,.004235533
room_corridor,20,0,1,1,1,0,.004640877
room_corridor,20,1,1,1,1,0,.006434226
room_corridor,20,2,1,1,1,0,.005276298
room_corridor,20,3,1,1,1,0,.004507189
room_corridor,20,4,1,1,1,0,.005616441
room_corridor,20,5,1,1,1,0,.004671910
room_corridor,20,6,1,1,1,0,.007949631
room_corridor,20,7,1,1,1,0,.005870176
room_corridor,20,8,1,1,1,0,.004484448
room_corridor,20,9,1,1,1,0,.004653354
room_corridor,20,10,1,1,1,0,.005205811
room_corridor,20,11,1,1,1,0,.005696612
room_corridor,20,12,1,1,1,0,.004597564
room_corridor,20,13,1,1,1,0,.004362216
room_corridor,20,14,1,1,1,0,.006220129
room_corridor,20,15,1,1,1,0,.004665677
room_corridor,20,16,1,1,1,0,.004572359
room_corridor,20,17,1,1,1,0,.005093802
room_corridor,20,18,1,1,1,0,.004622639
room_corridor,20,19,1,1,1,0,.004682848
room_corridor,20,20,1,1,1,0,.006134303
room_corridor,20,21,1,1,1,0,.005785703
room_corridor,20,22,1,1,1,0,.004560215
room_corridor,20,23,1,1,1,0,.005502493
room_corridor,20,24,1,1,1,0,.004968900
room_corridor,20,25,1,1,1,0,.004432187
room_corridor,20,26,1,1,1,0,.004580452
room_corridor,20,27,1,1,1,0,.005740150
room_corridor,20,28,1,1,1,0,.005739819
room_corridor,20,29,1,1,1,0,.004488135
room_corridor,25,0,1,1,1,0,.005959848
room_corridor,25,1,1,1,1,0,.004454711
room_corridor,25,2,1,1,1,0,.004898461
room_corridor,25,3,1,1,1,0,.004460424
room_corridor,25,4,1,1,1,0,.006651487
room_corridor,25,5,1,1,1,0,.004504878
room_corridor,25,6,1,1,1,0,.004923297
room_corridor,25,7,1,1,1,0,.005369321
room_corridor,25,8,1,1,1,0,.004664737
room_corridor,25,9,1,1,1,0,.004929375
room_corridor,25,10,1,1,1,0,.006059040
room_corridor,25,11,1,1,1,0,.004712393
room_corridor,25,12,1,1,1,0,.004932908
room_corridor,25,13,1,1,1,0,.006775978
room_corridor,25,14,1,1,1,0,.004548640
room_corridor,25,15,1,1,1,0,.007145515
room_corridor,25,16,1,1,1,0,.005337463
room_corridor,25,17,1,1,1,0,.005320157
room_corridor,25,18,1,1,1,0,.005449269
room_corridor,25,19,1,1,1,0,.005685184
room_corridor,25,20,1,1,1,0,.005724255
room_corridor,25,21,1,1,1,0,.004773308
room_corridor,25,22,1,1,1,0,.005712863
room_corridor,25,23,1,1,1,0,.004795871
room_corridor,25,24,1,1,1,0,.006289940
room_corridor,25,25,1,1,1,0,.009501936
room_corridor,25,26,1,1,1,0,.004711951
room_corridor,25,27,1,1,1,0,.004859548
room_corridor,25,28,1,1,1,0,.006221105
room_corridor,25,29,1,1,1,0,.004685725
room_corridor,30,0,1,1,1,0,.005749398
room_corridor,30,1,1,1,1,0,.005069889
room_corridor,30,2,1,1,1,0,.004838866
room_corridor,30,3,1,1,1,0,.004947074
room_corridor,30,4,1,1,1,0,.006112409
room_corridor,30,5,1,1,1,0,.004931817
room_corridor,30,6,1,1,1,0,.004766241
room_corridor,30,7,1,1,1,0,.006134263
room_corridor,30,8,1,1,1,0,.004852209
room_corridor,30,9,1,1,1,0,.004958231
room_corridor,30,10,1,1,1,0,.005788017
room_corridor,30,11,1,1,1,0,.006095016
room_corridor,30,12,1,1,1,0,.004894195
room_corridor,30,13,1,1,1,0,.004973930
room_corridor,30,14,1,1,1,0,.004641796
room_corridor,30,15,1,1,1,0,.005519704
room_corridor,30,16,1,1,1,0,.005354605
room_corridor,30,17,1,1,1,0,.004804874
room_corridor,30,18,1,1,1,0,.004686500
room_corridor,30,19,1,1,1,0,.007828070
room_corridor,30,20,1,1,1,0,.005157828
room_corridor,30,21,1,1,1,0,.005221840
room_corridor,30,22,1,1,1,0,.004738267
room_corridor,30,23,1,1,1,0,.004634035
room_corridor,30,24,1,1,1,0,.004562606
room_corridor,30,25,1,1,1,0,.009373311
room_corridor,30,26,1,1,1,0,.004993119
room_corridor,30,27,1,1,1,0,.005779791
room_corridor,30,28,1,1,1,0,.004952774
room_corridor,30,29,1,1,1,0,.004960054
room_corridor,35,0,1,1,1,0,.004932299
room_corridor,35,1,1,1,1,0,.007854503
room_corridor,35,2,1,1,1,0,.005592437
room_corridor,35,3,1,1,1,0,.005349682
room_corridor,35,4,1,1,1,0,.005953020
room_corridor,35,5,1,1,1,0,.005019443
room_corridor,35,6,1,1,1,0,.005534434
room_corridor,35,7,1,1,1,0,.004902714
room_corridor,35,8,1,1,1,0,.007303956
room_corridor,35,9,1,1,1,0,.005277808
room_corridor,35,10,1,1,1,0,.005705195
room_corridor,35,11,1,1,1,0,.005144493
room_corridor,35,12,1,1,1,0,.004744816
room_corridor,35,13,1,1,1,0,.007942218
room_corridor,35,14,1,1,1,0,.005036818
room_corridor,35,15,1,1,1,0,.006294173
room_corridor,35,16,1,1,1,0,.005351814
room_corridor,35,17,1,1,1,0,.005089907
room_corridor,35,18,1,1,1,0,.008001301
room_corridor,35,19,1,1,1,0,.005209787
room_corridor,35,20,1,1,1,0,.005309973
room_corridor,35,21,1,1,1,0,.005119414
room_corridor,35,22,1,1,1,0,.004961020
room_corridor,35,23,1,1,1,0,.005393377
room_corridor,35,24,1,1,1,0,.006816331
room_corridor,35,25,1,1,1,0,.005427109
room_corridor,35,26,1,1,1,0,.005398363
room_corridor,35,27,1,1,1,0,.005154513
room_corridor,35,28,1,1,1,0,.004653862
room_corridor,35,29,1,1,1,0,.006633743
room_corridor,40,0,1,1,1,0,.005639054
room_corridor,40,1,1,1,1,0,.005749855
room_corridor,40,2,1,1,1,0,.005250179
room_corridor,40,3,1,1,1,0,.005317424
room_corridor,40,4,1,1,1,0,.007451112
room_corridor,40,5,1,1,1,0,.005423574
room_corridor,40,6,1,1,1,0,.005151843
room_corridor,40,7,1,1,1,0,.005449550
room_corridor,40,8,1,1,1,0,.005370132
room_corridor,40,9,1,1,1,0,.005811403
room_corridor,40,10,1,1,1,0,.007585490
room_corridor,40,11,1,1,1,0,.005450014
room_corridor,40,12,1,1,1,0,.005263203
room_corridor,40,13,1,1,1,0,.004959841
room_corridor,40,14,1,1,1,0,.005044382
room_corridor,40,15,1,1,1,0,.007135205
room_corridor,40,16,1,1,1,0,.005990815
room_corridor,40,17,1,1,1,0,.005355335
room_corridor,40,18,1,1,1,0,.007075048
room_corridor,40,19,1,1,1,0,.006514917
room_corridor,40,20,1,1,1,0,.005172216
room_corridor,40,21,1,1,1,0,.005451597
room_corridor,40,22,1,1,1,0,.005167810
room_corridor,40,23,1,1,1,0,.007856343
room_corridor,40,24,1,1,1,0,.005046410
room_corridor,40,25,1,1,1,0,.006240980
room_corridor,40,26,1,1,1,0,.005392490
room_corridor,40,27,1,1,1,0,.005279518
room_corridor,40,28,1,1,1,0,.007554905
room_corridor,40,29,1,1,1,0,.006048687
demo_rooms,15,0,1,1,1,0,.004818346
demo_rooms,15,1,1,1,1,0,.007936045
demo_rooms,15,2,1,1,1,0,.006036677
demo_rooms,15,3,1,1,1,0,.005448689
demo_rooms,15,4,1,1,1,0,.005760130
demo_rooms,15,5,1,1,1,0,.005366715
demo_rooms,15,6,1,1,1,0,.008164809
demo_rooms,15,7,1,1,1,0,.005531840
demo_rooms,15,8,1,1,1,0,.005655630
demo_rooms,15,9,1,1,1,0,.005542779
demo_rooms,15,10,1,1,1,0,.006767783
demo_rooms,15,11,1,1,1,0,.005312366
demo_rooms,15,12,1,1,1,0,.005022570
demo_rooms,15,13,1,1,1,0,.007007898
demo_rooms,15,14,1,1,1,0,.005289074
demo_rooms,15,15,1,1,1,0,.005326106
demo_rooms,15,16,1,1,1,0,.004757144
demo_rooms,15,17,1,1,1,0,.004738099
demo_rooms,15,18,1,1,1,0,.006257795
demo_rooms,15,19,1,1,1,0,.006498894
demo_rooms,15,20,1,1,1,0,.005364449
demo_rooms,15,21,1,1,1,0,.004940850
demo_rooms,15,22,1,1,1,0,.005125648
demo_rooms,15,23,1,1,1,0,.007859604
demo_rooms,15,24,1,1,1,0,.005346523
demo_rooms,15,25,1,1,1,0,.005009534
demo_rooms,15,26,1,1,1,0,.005368411
demo_rooms,15,27,1,1,1,0,.004752794
demo_rooms,15,28,1,1,1,0,.004879953
demo_rooms,15,29,1,1,1,0,.006938127
demo_rooms,20,0,1,1,1,0,.006524760
demo_rooms,20,1,1,1,1,0,.005336155
demo_rooms,20,2,1,1,1,0,.005695465
demo_rooms,20,3,1,1,1,0,.004866153
demo_rooms,20,4,1,1,1,0,.005016916
demo_rooms,20,5,1,1,1,0,.007254909
demo_rooms,20,6,1,1,1,0,.005427386
demo_rooms,20,7,1,1,1,0,.004949878
demo_rooms,20,8,1,1,1,0,.005211031
demo_rooms,20,9,1,1,1,0,.004693842
demo_rooms,20,10,1,1,1,0,.005198032
demo_rooms,20,11,1,1,1,0,.007255661
demo_rooms,20,12,1,1,1,0,.005009276
demo_rooms,20,13,1,1,1,0,.005836860
demo_rooms,20,14,1,1,1,0,.005053462
demo_rooms,20,15,1,1,1,0,.004976731
demo_rooms,20,16,1,1,1,0,.007638295
demo_rooms,20,17,1,1,1,0,.005164418
demo_rooms,20,18,1,1,1,0,.005172336
demo_rooms,20,19,1,1,1,0,.005489518
demo_rooms,20,20,1,1,1,0,.004767742
demo_rooms,20,21,1,1,1,0,.004831444
demo_rooms,20,22,1,1,1,0,.007058299
demo_rooms,20,23,1,1,1,0,.005756093
demo_rooms,20,24,1,1,1,0,.005651977
demo_rooms,20,25,1,1,1,0,.004944783
demo_rooms,20,26,1,1,1,0,.004889632
demo_rooms,20,27,1,1,1,0,.007835622
demo_rooms,20,28,1,1,1,0,.005366678
demo_rooms,20,29,1,1,1,0,.005314301
demo_rooms,25,0,1,1,1,0,.005688146
demo_rooms,25,1,1,1,1,0,.005463265
demo_rooms,25,2,1,1,1,0,.008251676
demo_rooms,25,3,1,1,1,0,.005405718
demo_rooms,25,4,1,1,1,0,.006258065
demo_rooms,25,5,1,1,1,0,.004893295
demo_rooms,25,6,1,1,1,0,.007914144
demo_rooms,25,7,1,1,1,0,.007622111
demo_rooms,25,8,1,1,1,0,.005504384
demo_rooms,25,9,1,1,1,0,.005310351
demo_rooms,25,10,1,1,1,0,.005140908
demo_rooms,25,11,1,1,1,0,.010268671
demo_rooms,25,12,1,1,1,0,.005222292
demo_rooms,25,13,1,1,1,0,.005222077
demo_rooms,25,14,1,1,1,0,.005088665
demo_rooms,25,15,1,1,1,0,.008329701
demo_rooms,25,16,1,1,1,0,.005600943
demo_rooms,25,17,1,1,1,0,.006204401
demo_rooms,25,18,1,1,1,0,.005724829
demo_rooms,25,19,1,1,1,0,.005267907
demo_rooms,25,20,1,1,1,0,.007525767
demo_rooms,25,21,1,1,1,0,.005250146
demo_rooms,25,22,1,1,1,0,.005645630
demo_rooms,25,23,1,1,1,0,.005021092
demo_rooms,25,24,1,1,1,0,.004840498
demo_rooms,25,25,1,1,1,0,.007145639
demo_rooms,25,26,1,1,1,0,.005178593
demo_rooms,25,27,1,1,1,0,.005751420
demo_rooms,25,28,1,1,1,0,.004989207
demo_rooms,25,29,1,1,1,0,.004903132
demo_rooms,30,0,1,1,1,0,.006976714
demo_rooms,30,1,1,1,1,0,.006008687
demo_rooms,30,2,1,1,1,0,.006322635
demo_rooms,30,3,1,1,1,0,.005588832
demo_rooms,30,4,1,1,1,0,.005359464
demo_rooms,30,5,1,1,1,0,.007244582
demo_rooms,30,6,1,1,1,0,.005772095
demo_rooms,30,7,1,1,1,0,.005934573
demo_rooms,30,8,1,1,1,0,.005391040
demo_rooms,30,9,1,1,1,0,.005033698
demo_rooms,30,10,1,1,1,0,.008490405
demo_rooms,30,11,1,1,1,0,.005885318
demo_rooms,30,12,1,1,1,0,.005438685
demo_rooms,30,13,1,1,1,0,.005258543
demo_rooms,30,14,1,1,1,0,.005332132
demo_rooms,30,15,1,1,1,0,.006839719
demo_rooms,30,16,1,1,1,0,.006073291
demo_rooms,30,17,1,1,1,0,.005393647
demo_rooms,30,18,1,1,1,0,.006103667
demo_rooms,30,19,1,1,1,0,.005261027
demo_rooms,30,20,1,1,1,0,.005303204
demo_rooms,30,21,1,1,1,0,.007032018
demo_rooms,30,22,1,1,1,0,.005482328
demo_rooms,30,23,1,1,1,0,.005560180
demo_rooms,30,24,1,1,1,0,.005065793
demo_rooms,30,25,1,1,1,0,.004996635
demo_rooms,30,26,1,1,1,0,.007925073
demo_rooms,30,27,1,1,1,0,.005406309
demo_rooms,30,28,1,1,1,0,.005809151
demo_rooms,30,29,1,1,1,0,.005796558
demo_rooms,35,0,1,1,1,0,.005689974
demo_rooms,35,1,1,1,1,0,.009958632
demo_rooms,35,2,1,1,1,0,.006519060
demo_rooms,35,3,1,1,1,0,.005722445
demo_rooms,35,4,1,1,1,0,.005357770
demo_rooms,35,5,1,1,1,0,.007836517
demo_rooms,35,6,1,1,1,0,.005590205
demo_rooms,35,7,1,1,1,0,.006968886
demo_rooms,35,8,1,1,1,0,.005647527
demo_rooms,35,9,1,1,1,0,.005587237
demo_rooms,35,10,1,1,1,0,.009143148
demo_rooms,35,11,1,1,1,0,.005543488
demo_rooms,35,12,1,1,1,0,.006053546
demo_rooms,35,13,1,1,1,0,.006275283
demo_rooms,35,14,1,1,1,0,.008499805
demo_rooms,35,15,1,1,1,0,.005650816
demo_rooms,35,16,1,1,1,0,.005732679
demo_rooms,35,17,1,1,1,0,.005480061
demo_rooms,35,18,1,1,1,0,.008325761
demo_rooms,35,19,1,1,1,0,.005863841
demo_rooms,35,20,1,1,1,0,.006264129
demo_rooms,35,21,1,1,1,0,.005422165
demo_rooms,35,22,1,1,1,0,.005382297
demo_rooms,35,23,1,1,1,0,.008424130
demo_rooms,35,24,1,1,1,0,.005263125
demo_rooms,35,25,1,1,1,0,.006318693
demo_rooms,35,26,1,1,1,0,.005646565
demo_rooms,35,27,1,1,1,0,.006990934
demo_rooms,35,28,1,1,1,0,.006436091
demo_rooms,35,29,1,1,1,0,.005886398
demo_rooms,40,0,1,1,1,0,.005855721
demo_rooms,40,1,1,1,1,0,.005885997
demo_rooms,40,2,1,1,1,0,.008558221
demo_rooms,40,3,1,1,1,0,.007282392
demo_rooms,40,4,1,1,1,0,.006540934
demo_rooms,40,5,1,1,1,0,.006007661
demo_rooms,40,6,1,1,1,0,.006224800
demo_rooms,40,7,1,1,1,0,.008986192
demo_rooms,40,8,1,1,1,0,.006618527
demo_rooms,40,9,1,1,1,0,.006060948
demo_rooms,40,10,1,1,1,0,.008940901
demo_rooms,40,11,1,1,1,0,.006135934
demo_rooms,40,12,1,1,1,0,.006724842
demo_rooms,40,13,1,1,1,0,.006021870
demo_rooms,40,14,1,1,1,0,.009850774
demo_rooms,40,15,1,1,1,0,.005918017
demo_rooms,40,16,1,1,1,0,.006261615
demo_rooms,40,17,1,1,1,0,.005795598
demo_rooms,40,18,1,1,1,0,.008429628
demo_rooms,40,19,1,1,1,0,.006535372
demo_rooms,40,20,1,1,1,0,.006372000
demo_rooms,40,21,1,1,1,0,.008643184
demo_rooms,40,22,1,1,1,0,.005863424
demo_rooms,40,23,1,1,1,0,.006419979
demo_rooms,40,24,1,1,1,0,.005628965
demo_rooms,40,25,1,1,1,0,.007486094
demo_rooms,40,26,1,1,1,0,.006814794
demo_rooms,40,27,1,1,1,0,.005842037
demo_rooms,40,28,0,1,1,0,.005806323
demo_rooms,40,29,1,1,1,0,.006497575
full,15,0,1,1,1,0,.006069942
full,15,1,1,1,1,0,.007917440
full,15,2,1,1,1,0,.006201120
full,15,3,1,1,1,0,.006529707
full,15,4,1,1,1,0,.005884377
full,15,5,1,1,1,0,.009025577
full,15,6,1,1,1,0,.008489650
full,15,7,1,1,1,0,.006008519
full,15,8,1,1,1,0,.007958882
full,15,9,1,1,1,0,.006854603
full,15,10,0,0,0,0,7.939858729
full,15,11,1,1,1,0,.007904692
full,15,12,1,1,1,0,.008641283
full,15,13,1,1,1,0,.007916734
full,15,14,1,1,1,0,.008816663
full,15,15,1,1,1,0,.006769770
full,15,16,1,1,1,0,.007396900
full,15,17,1,1,1,0,.008896698
full,15,18,1,1,1,0,.006812900
full,15,19,1,1,1,0,.006930459
full,15,20,1,1,1,0,.006772224
full,15,21,1,1,1,0,.008139122
full,15,22,1,1,1,0,.008094222
full,15,23,1,1,1,0,.006885152
full,15,24,1,1,1,0,.007294783
full,15,25,1,1,1,0,.006429132
full,15,26,1,1,1,0,.007780368
full,15,27,1,1,1,0,.007321028
full,15,28,1,1,1,0,.006232835
full,15,29,1,1,1,0,.007420355
full,20,0,1,1,1,0,.007517419
full,20,1,1,1,1,0,.006469688
full,20,2,1,1,1,0,.006529212
full,20,3,1,1,1,0,.007076241
full,20,4,1,1,1,0,.006472249
full,20,5,1,1,1,0,.007517798
full,20,6,1,1,1,0,.006597054
full,20,7,1,1,1,0,.007343711
full,20,8,1,1,1,0,.006521404
full,20,9,1,1,1,0,.006939474
full,20,10,1,1,1,0,.007310397
full,20,11,1,0,0,0,7.389480060
full,20,12,0,1,1,0,.007014883
full,20,13,1,1,1,0,.008157755
full,20,14,1,1,1,0,.007211392
full,20,15,1,1,1,0,.007510417
full,20,16,1,1,1,0,.007575020
full,20,17,1,1,1,0,.006669691
full,20,18,1,1,1,0,.008768025
full,20,19,1,1,1,0,.006587979
full,20,20,1,1,1,0,.006446037
full,20,21,1,1,1,0,.008602713
full,20,22,1,1,1,0,.006755260
full,20,23,1,1,1,0,.006624792
full,20,24,1,1,1,0,.006341570
full,20,25,1,1,1,0,.006410128
full,20,26,1,1,1,0,.007324522
full,20,27,1,1,1,0,.006553028
full,20,28,1,1,1,0,.008485621
full,20,29,1,1,1,0,.007178322
full,25,0,1,1,1,0,.006680454
full,25,1,1,1,1,0,.007945083
full,25,2,1,1,1,0,.007897260
full,25,3,1,1,1,0,.006847154
full,25,4,0,0,0,0,7.557431910
full,25,5,1,0,0,0,8.068590058
full,25,6,1,0,0,0,8.032274092
full,25,7,1,1,1,0,.009768714
full,25,8,1,1,1,0,.008049605
full,25,9,1,1,1,0,.009666105
full,25,10,1,0,0,0,8.071343802
full,25,11,1,1,1,0,.007557040
full,25,12,1,0,0,0,7.971599941
full,25,13,1,1,1,0,.007256893
full,25,14,1,1,1,0,.008642251
full,25,15,1,0,0,0,8.068482824
full,25,16,1,1,1,0,.006729547
full,25,17,1,1,1,0,.008355119
full,25,18,1,1,1,0,.007705634
full,25,19,1,1,1,0,.007299523
full,25,20,1,0,0,0,8.068060089
full,25,21,1,1,1,0,.007172514
full,25,22,1,1,1,0,.007344811
full,25,23,1,1,1,0,.006735210
full,25,24,1,1,1,0,.008149292
full,25,25,0,0,0,0,7.096338821
full,25,26,1,1,1,0,.007677923
full,25,27,1,1,1,0,.006540839
full,25,28,1,1,1,0,.007412018
full,25,29,1,1,1,0,.007426159
full,30,0,1,1,1,0,.011157085
full,30,1,1,1,1,0,.007317453
full,30,2,1,1,1,0,.007527309
full,30,3,1,1,0,0,8.030502291
full,30,4,0,0,0,0,8.032756446
full,30,5,0,1,1,0,.008998568
full,30,6,0,0,0,0,8.034326373
full,30,7,1,1,1,0,.007905754
full,30,8,1,1,1,0,.007709904
full,30,9,0,0,0,0,7.400362364
full,30,10,1,1,1,0,.007430131
full,30,11,0,1,1,0,.009651984
full,30,12,0,0,0,0,7.087127667
full,30,13,1,1,1,0,.009264421
full,30,14,0,1,1,0,.008215537
full,30,15,0,1,1,0,.007809978
full,30,16,1,1,1,0,.007640659
full,30,17,1,1,1,0,.008639480
full,30,18,1,1,1,0,.007985846
full,30,19,1,1,1,0,.009359388
full,30,20,0,1,1,0,.007517662
full,30,21,1,1,1,0,.008096615
full,30,22,1,1,1,0,.012176747
full,30,23,1,1,1,0,.008213823
full,30,24,1,1,1,0,.012641389
full,30,25,1,1,1,0,.008452378
full,30,26,0,1,1,0,.009396915
full,30,27,1,0,0,0,8.039387147
full,30,28,1,1,1,0,.007640057
full,30,29,0,1,1,0,.010783940
full,35,0,1,1,1,0,.008882419
full,35,1,1,1,1,0,.010244056
full,35,2,1,1,1,0,.008931698
full,35,3,1,0,0,0,7.250813359
full,35,4,1,0,0,0,8.020582485
full,35,5,0,0,0,0,8.036145641
full,35,6,1,1,1,0,.008772407
full,35,7,1,1,1,0,.010880169
full,35,8,1,0,0,0,8.028149970
full,35,9,0,1,1,0,.008023394
full,35,10,1,1,1,0,.009522648
full,35,11,0,1,1,0,.009281589
full,35,12,0,0,0,0,7.213689950
full,35,13,1,1,1,0,.009289396
full,35,14,1,1,1,0,.007907035
full,35,15,1,0,0,0,8.067335921
full,35,16,1,1,1,0,.009509863
full,35,17,1,1,1,0,.009179000
full,35,18,0,1,1,0,.008784149
full,35,19,0,1,1,0,.012367522
full,35,20,1,1,1,0,.014942200
full,35,21,0,0,0,0,8.027480717
full,35,22,1,1,1,0,.008698791
full,35,23,1,1,1,0,.009687940
full,35,24,1,1,1,0,.009486986
full,35,25,1,0,0,0,8.032677475
full,35,26,1,1,1,0,.010555509
full,35,27,1,0,0,0,8.026897761
full,35,28,0,0,0,0,8.033837251
full,35,29,1,1,1,0,.009823337
full,40,0,1,1,1,0,.010233292
full,40,1,1,1,0,0,7.420747574
full,40,2,1,0,0,0,8.041255702
full,40,3,0,0,0,0,8.026663852
full,40,4,0,0,0,0,7.356774754
full,40,5,0,1,1,0,.009412584
full,40,6,0,0,0,0,7.370565422
full,40,7,0,1,0,0,8.070715986
full,40,8,1,1,1,0,.010569371
full,40,9,0,0,0,0,8.087938176
full,40,10,1,1,1,0,.010309371
full,40,11,0,0,0,0,7.402904779
full,40,12,1,0,0,0,8.034823792
full,40,13,1,1,1,2,.008925142
full,40,14,1,1,1,0,.012120614
full,40,15,0,1,1,0,.012395065
full,40,16,0,1,1,0,.010279072
full,40,17,1,1,1,0,.008871007
full,40,18,1,1,1,0,.010664828
full,40,19,0,1,1,0,.011498426
full,40,20,1,1,1,0,.012561335
full,40,21,1,1,1,0,.008514527
full,40,22,1,1,1,0,.010952109
full,40,23,1,1,1,0,.010722607
full,40,24,1,1,1,0,.009932320
full,40,25,0,0,0,0,7.170698216
full,40,26,1,0,0,0,8.027582965
full,40,27,1,0,0,0,7.383229872
full,40,28,0,0,0,0,8.026282718
full,40,29,0,1,1,0,.009408794
